{
  "project_info": {
    "project_number": "621545529622",
    "project_id": "registerloginexample-d69fd",
    "storage_bucket": "registerloginexample-d69fd.appspot.com"
  },
  "client": [
    {
      "client_info": {
        "mobilesdk_app_id": "1:621545529622:android:39f2d8e4250cc493243037",
        "android_client_info": {
          "package_name": "com.example.registerloginexample"
        }
      },
      "oauth_client": [
        {
          "client_id": "621545529622-89jo8k9g733abi62qjhaq83gg9mgmjpj.apps.googleusercontent.com",
          "client_type": 3
        }
      ],
      "api_key": [
        {
          "current_key": "AIzaSyCOZLZmt43D20lgq3MgfQNRoEAWLLSEGr8"
        }
      ],
      "services": {
        "appinvite_service": {
          "other_platform_oauth_client": [
            {
              "client_id": "621545529622-89jo8k9g733abi62qjhaq83gg9mgmjpj.apps.googleusercontent.com",
              "client_type": 3
            }
          ]
        }
      }
    }
  ],
  "configuration_version": "1"
}